{"cameraMode":{"drawMode":0,"name":"Shaded","section":"Shading Mode"},"sceneLighting":false,"audioPlay":false,"sceneViewState":{"showFog":true,"showMaterialUpdate":true,"showSkybox":true,"showFlares":true,"showImageEffects":true,"showParticleSystems":true},"in2DMode":false,"pivot":{"x":42.31711959838867,"y":-2.7451534271240236,"z":38.26774597167969},"rotation":{"x":0.05568995699286461,"y":0.4667695164680481,"z":-0.02938109077513218,"w":0.8822567462921143},"size":74.81776428222656,"orthographic":false}