{"cameraMode":{"drawMode":0,"name":"Shaded","section":"Shading Mode"},"sceneLighting":false,"audioPlay":false,"sceneViewState":{"showFog":true,"showMaterialUpdate":true,"showSkybox":true,"showFlares":true,"showImageEffects":true,"showParticleSystems":true},"in2DMode":false,"pivot":{"x":1.9706041812896729,"y":0.14679460227489472,"z":-3.479517936706543},"rotation":{"x":0.16808801889419557,"y":0.08329081535339356,"z":-0.014255293644964695,"w":0.9821532964706421},"size":17.512958526611329,"orthographic":true}