{"cameraMode":{"drawMode":0,"name":"Shaded","section":"Shading Mode"},"sceneLighting":false,"audioPlay":false,"sceneViewState":{"showFog":true,"showMaterialUpdate":true,"showSkybox":true,"showFlares":true,"showImageEffects":true,"showParticleSystems":true},"in2DMode":false,"pivot":{"x":0.7119283676147461,"y":1.260300636291504,"z":-9.93044662475586},"rotation":{"x":0.24901172518730164,"y":0.4536685645580292,"z":-0.13364839553833009,"w":0.8452298641204834},"size":13.278417587280274,"orthographic":false}