{"cameraMode":{"drawMode":0,"name":"Shaded","section":"Shading Mode"},"sceneLighting":false,"audioPlay":false,"sceneViewState":{"showFog":true,"showMaterialUpdate":true,"showSkybox":true,"showFlares":true,"showImageEffects":true,"showParticleSystems":true},"in2DMode":false,"pivot":{"x":-1.1422537565231324,"y":7.926589488983154,"z":10.769771575927735},"rotation":{"x":-0.33263838291168215,"y":-0.036321643739938739,"z":0.012513118796050549,"w":-0.9423773884773254},"size":8.36704158782959,"orthographic":false}