{"cameraMode":{"drawMode":0,"name":"Shaded","section":"Shading Mode"},"sceneLighting":false,"audioPlay":false,"sceneViewState":{"showFog":true,"showMaterialUpdate":true,"showSkybox":true,"showFlares":true,"showImageEffects":true,"showParticleSystems":true},"in2DMode":false,"pivot":{"x":10.292407989501954,"y":-9.417227745056153,"z":-10.306208610534668},"rotation":{"x":-0.5233816504478455,"y":-0.008443689905107022,"z":0.005175434052944183,"w":-0.8521106839179993},"size":30.26318359375,"orthographic":false}