{"cameraMode":{"drawMode":0,"name":"Shaded","section":"Shading Mode"},"sceneLighting":false,"audioPlay":false,"sceneViewState":{"showFog":true,"showMaterialUpdate":true,"showSkybox":true,"showFlares":true,"showImageEffects":true,"showParticleSystems":true},"in2DMode":false,"pivot":{"x":1.9706041812896729,"y":0.14679460227489472,"z":-3.479517936706543},"rotation":{"x":0.07641944289207459,"y":0.012564655393362046,"z":-0.0009629504638724029,"w":0.9969965815544128},"size":24.00812339782715,"orthographic":true}