{"cameraMode":{"drawMode":0,"name":"Shaded","section":"Shading Mode"},"sceneLighting":false,"audioPlay":false,"sceneViewState":{"showFog":true,"showMaterialUpdate":true,"showSkybox":true,"showFlares":true,"showImageEffects":true,"showParticleSystems":true},"in2DMode":false,"pivot":{"x":-0.11767250299453736,"y":-5.096050262451172,"z":37.31665802001953},"rotation":{"x":0.13460251688957215,"y":0.0021138254087418319,"z":-0.00022167354472912848,"w":0.9909974336624146},"size":60.438751220703128,"orthographic":false}