{"cameraMode":{"drawMode":0,"name":"Shaded","section":"Shading Mode"},"sceneLighting":false,"audioPlay":false,"sceneViewState":{"showFog":true,"showMaterialUpdate":true,"showSkybox":true,"showFlares":true,"showImageEffects":true,"showParticleSystems":true},"in2DMode":false,"pivot":{"x":3.1392698287963869,"y":3.097513198852539,"z":28.53685760498047},"rotation":{"x":0.056661058217287067,"y":0.1052694171667099,"z":-0.005958843044936657,"w":0.9929056763648987},"size":38.32497024536133,"orthographic":false}